{"cameraMode":{"drawMode":0,"name":"Shaded","section":"Shading Mode"},"sceneLighting":false,"audioPlay":false,"sceneViewState":{"m_AlwaysRefresh":false,"showFog":true,"showSkybox":false,"showFlares":true,"showImageEffects":true,"showParticleSystems":true,"showVisualEffectGraphs":true,"m_FxEnabled":true},"in2DMode":false,"pivot":{"x":0.0000017881393432617188,"y":1.4736310243606568,"z":0.0016335844993591309},"rotation":{"x":0.026103191077709199,"y":-0.2550542950630188,"z":0.0068881395272910599,"w":0.9665498733520508},"size":2.2726244926452638,"orthographic":true}