{"cameraMode":{"drawMode":0,"name":"Shaded","section":"Shading Mode"},"sceneLighting":true,"audioPlay":false,"sceneViewState":{"m_AlwaysRefresh":false,"showFog":true,"showSkybox":true,"showFlares":true,"showImageEffects":true,"showParticleSystems":true,"showVisualEffectGraphs":true,"m_FxEnabled":true},"in2DMode":false,"pivot":{"x":8.402581214904786,"y":6.497892379760742,"z":4.349367141723633},"rotation":{"x":0.1107720360159874,"y":0.002981958445161581,"z":-0.00033244965015910566,"w":0.9938451051712036},"size":15.604182243347168,"orthographic":true}